Feature,Importance
Tenure Months,0.1683512877327377
Contract_Two year,0.15878582499300134
Internet Service_Fiber optic,0.08985685767396481
Dependents,0.0867666145682371
Total Charges,0.08259463297338454
Payment Method_Electronic check,0.06552352188157373
Contract_One year,0.04663788290484634
Monthly Charges,0.03892949038266893
Online Security_Yes,0.025597022036118217
Tech Support_Yes,0.024891505473429984
